link,headline,category,news_text,category_merged,_sim,_equal
https://www.huffingtonpost.com/entry/who-gets-radicalized-what-i-learned-from-my-interviews_us_5765fddce4b0ed0729a1c5c3,Who Gets Radicalized? What I Learned From My Interviews With Extremist Disciples,THE WORLDPOST,Who gets radicalized? What I learned from my interviews with extremist disciples @huffpostblog,WORLD NEWS/GLOBAL,0.8160919540229885,False
https://www.huffingtonpost.com/entry/why-do-99-of-americans-ne_b_9119878.html,Why Do 99% Of Americans Need Bernie To Win?,COMEDY,Why do 99% of Americans need Bernie to win?,ENTERTAINMENT,0.8837209302325582,False
https://www.huffingtonpost.com/entry/gabrielle-union-and-dwyane-wade-have-too-many-sweet-snaps-to-count_us_566ca5c2e4b0fccee16ed82c,Gabrielle Union And Dwyane Wade Have Too Many Sweet Snaps To Count,ENTERTAINMENT,Gabrielle Union and Dwyane Wade Have Too Many Sweet Snaps to Count,ENTERTAINMENT,0.9696969696969697,False
https://www.huffingtonpost.com/entry/23-tv-couples-who-became-real-couples_us_562c0011e4b0aac0b8fd22de,23 TV Couples Who Became Real Couples,ENTERTAINMENT,23 TV couples who became real couples.,ENTERTAINMENT,0.8533333333333334,False
https://www.huffingtonpost.com/entry/justin-timberlake-jessica-biel_us_562bfdb6e4b0443bb5643142,Justin Timberlake And Jessica Biel Take A Stunning Night Out,ENTERTAINMENT,Justin Timberlake and Jessica Biel take a stunning night out.,ENTERTAINMENT,0.8925619834710744,False
https://www.huffingtonpost.com/entry/how-the-kardashian-jenners-really-made-their-millions_us_562c01d1e4b0ec0a3894b3d0,How The Kardashian-Jenners Really Made Their Millions,ENTERTAINMENT,How the Kardashian-Jenners really made their millions.,ENTERTAINMENT,0.897196261682243,False
https://www.huffingtonpost.com/entry/ellen-degeneres-halloween_us_5622c861e4b02f6a900c9e73,A Brief History of Ellen DeGeneres's Amazing Halloween Costumes,ENTERTAINMENT,A brief history of Ellen DeGeneres's  amazing halloween costumes.,ENTERTAINMENT,0.90625,False
https://www.huffingtonpost.com/entry/jessica-chastain-bryce-dallas-howard_us_5622c598e4b08589ef47b70d,Jessica Chastain Has Pretended To Be Bryce Dallas Howard,ENTERTAINMENT,Jessica Chastain has pretended to be Bryce Dallas Howard.,ENTERTAINMENT,0.9203539823008849,False
https://www.huffingtonpost.com/entry/chris-hemsworth-adorable-baby_us_5622c774e4b0bce34700fcce,Chris Hemsworth Has A Very Adorable Baby,ENTERTAINMENT,Chris Hemsworth has a very adorable baby.,ENTERTAINMENT,0.8641975308641975,False
https://www.huffingtonpost.com/entry/lena-dunham-instagram_us_560714a9e4b0af3706dc8d7b,18 Times Lena Dunham's Instagram Was Extremely Relatable,ENTERTAINMENT,18 Times Lena Dunham's Instagram Was Extremely Relatable,ENTERTAINMENT,0.9821428571428571,False
https://www.huffingtonpost.com/entry/gwyneth-paltrow-tshirt_us_56071645e4b0af3706dc8e4e,Gwyneth Paltrow Would Like You To Buy This $350 T-Shirt,ENTERTAINMENT,Gwyneth Paltrow would like you to buy this $350 T-shirt.,ENTERTAINMENT,0.8648648648648649,False
https://www.huffingtonpost.com/entry/kaley-cuoco-horse_us_56070b76e4b0af3706dc8991,Kaley Cuoco Hangs With A Horse After Divorce Announcement,ENTERTAINMENT,Kaley Cuoco Hangs With A Horse After Divorce Announcement.,ENTERTAINMENT,0.991304347826087,False
https://www.huffingtonpost.com/entry/lawyer-defends-fired-cop-who-killed-teen-football-player_us_55cb8a1de4b0923c12befbf8,Lawyer Defends Fired Cop Who Killed Teen Football Player,CRIME,Lawyer defends fired cop who killed teen football player,CRIME,0.8571428571428571,False
https://www.huffingtonpost.com/entry/why-is-coming-out-of-the_b_7679996.html,Why Is Coming Out Of The Closet Not An Issue Anymore?,COMEDY,Why is coming out of the closet not an issue anymore?,ENTERTAINMENT,0.8113207547169812,False
https://www.huffingtonpost.com/entry/why-should-we-support-sam_b_7682592.html,Why Should We Support Same Sex Marriage?,COMEDY,Why should we support same-sex marriage?,ENTERTAINMENT,0.825,False
https://www.huffingtonpost.com/entry/why-stop-the-yulin-dog-fe_b_7629212.html,Why Stop The Yulin Dog Festival?,COMEDY,Why stop Yulin dog festival?,ENTERTAINMENT,0.8333333333333334,False
https://www.huffingtonpost.com/entry/a-picture-postcard-from-t_b_7236786.html,"A Picture Postcard From Table Mountain National Park, South Africa",TRAVEL,A picture postcard from Table Mountain National Park in South Africa.,TRAVEL,0.9185185185185185,False
https://www.huffingtonpost.com/entry/out-of-line-the-uninvited_b_6805752.html,Out of Line: The Uninvited,POLITICS,Out Of Line: The Uninvited,POLITICS,0.9615384615384616,False
https://www.huffingtonpost.com/entry/the-soundtrack-of-my-life_b_6576562.html,"The Soundtrack Of My Life: Chatting with Donny Osmond, Melissa Manchester, Louise Goffin, Meitel and Rumer",ENTERTAINMENT,"Chatting with Donny Osmond, Melissa Manchester, Louise Goffin, Meitel and Rumer.",ENTERTAINMENT,0.8494623655913979,False
https://www.huffingtonpost.com/entry/policing-ferguson-it-coul_b_5702679.html,"Policing Ferguson: It Could Have Been Calmer, Sooner",POLITICS,"Policing Ferguson: It Could Have Been Calmer, Sooner.",POLITICS,0.9904761904761905,False
https://www.huffingtonpost.com/entry/the-new-view-cartoon_b_5537911.html,The New View?,MEDIA,The New View,TECH,0.96,False
https://www.huffingtonpost.com/entry/egypt-death-sentences_b_5532941.html,Egypt Death Sentences,POLITICS,Egypt death sentences,POLITICS,0.9047619047619048,False
https://www.huffingtonpost.com/entry/pentagon-planning_b_5389980.html,Pentagon Planning,POLITICS,Pentagon planning,POLITICS,0.9411764705882353,False
https://www.huffingtonpost.com/entry/why-was-moby-dick-white_b_5390374.html,Why Was Moby Dick White?,COMEDY,Why was Moby Dick white?,ENTERTAINMENT,0.9166666666666666,False
https://www.huffingtonpost.com/entry/how-to-find-truffles-and_us_5b9d730fe4b03a1dcc8821ad,"How to Find Truffles (and Sell Them, and Eat Them)",FOOD & DRINK,"How to find truffles (and sell them, and eat them.",FOOD & DRINK,0.86,False
https://www.huffingtonpost.com/entry/study-shows-57-of-america_us_5b9d2640e4b03a1dcc84e895,Study Shows 57% of Americans Consider Eating Out a 'Special Occasion' [INFOGRAPHIC],FOOD & DRINK,Study shows 57 percent of Americans consider eating out a 'special occasion.' [INFOGRAPHIC],FOOD & DRINK,0.8735632183908046,False
https://www.huffingtonpost.com/entry/christian-louboutin-bunions_us_5b9c9f6fe4b03a1dcc806160,"Dear Christian Louboutin, You're Giving Me Bunions",STYLE & BEAUTY,"Dear Christian Louboutin, You're giving me bunions.",STYLE/BEAUTY,0.9306930693069307,False
https://www.huffingtonpost.com/entry/my-divorce-downward-mobil_us_5b9c435de4b03a1dcc7d707e,My Post-Divorce Downward Mobility Has an Upside,DIVORCE,My post-divorce downward mobility had an upside.,LIFESTYLE,0.8421052631578947,False
